{"init_params": {"cat_dims": [], "cat_emb_dim": 1, "cat_idxs": [], "clip_value": 1, "device_name": "auto", "epsilon": 1e-15, "gamma": 1.3, "input_dim": 874, "lambda_sparse": 0, "mask_type": "entmax", "momentum": 0.02, "n_a": 32, "n_d": 32, "n_indep_decoder": 1, "n_independent": 2, "n_shared": 2, "n_shared_decoder": 1, "n_steps": 1, "optimizer_params": {"lr": 0.02, "weight_decay": 1e-05}, "output_dim": 206, "scheduler_fn": null, "scheduler_params": {}, "seed": 0, "verbose": 10}, "class_attrs": {"preds_mapper": null}}